,linenumber,geneid,genename,coverage,CNV
0,0,uc003zey.3,TMED10P1,35,0
2,2,uc003zfc.4,C8orf33,49,0
3,3,uc011llp.1,DDX11L5,26,0
4,4,uc010mgm.1,WASH1,73,0
5,5,uc003zfv.3,FAM138C,91,0
8,8,uc003zfz.4,FOXD4,107,2
9,9,uc003zga.4,CBWD1,104,2
10,10,uc003zge.4,C9orf66,21,2
11,11,uc003zgf.2,DOCK8,63,2
12,12,uc003zgn.2,KANK1,66,2
13,13,uc003zgv.3,DMRT1,38,2
14,14,uc003zgw.2,DMRT3,64,2
16,16,uc003zha.3,DMRT2,94,2
17,17,uc003zhc.3,SMARCA2,56,2
20,20,uc003zhk.1,VLDLR,71,2
21,21,uc003zho.2,KCNV2,48,2
22,22,uc003zhp.1,KIAA0020,72,2
24,24,uc003zhr.3,RFX3,59,2
26,26,uc003zhx.1,GLIS3,42,2
27,27,uc003zia.3,GLIS3-AS1,29,2
28,28,uc022bcy.1,Mir_320,74,2
29,29,uc003zij.2,SLC1A1,65,2
30,30,uc011llz.2,SPATA6L,44,2
31,31,uc003zin.4,PPAPDC2,46,2
32,32,uc003zio.3,CDC37L1,59,2
33,33,uc003ziq.2,AK3,51,2
34,34,uc003zis.2,RCL1,49,2
35,35,uc003ziu.1,MIR101-2,67,2
36,36,uc003ziw.3,JAK2,67,2
38,38,uc003zix.3,INSL6,87,2
39,39,uc003ziy.3,INSL4,49,2
40,40,uc003zja.2,RLN2,74,2
41,41,uc003zjb.2,RLN1,57,2
42,42,uc003zjc.3,PLGRKT,42,2
43,43,uc003zje.3,CD274,58,2
44,44,uc003zjg.4,PDCD1LG2,63,1
45,45,uc003zji.4,KIAA1432,81,1
46,46,uc003zjm.1,ERMP1,68,1
47,47,uc003zjo.1,MLANA,55,1
48,48,uc003zjq.4,KIAA2026,156,1
49,49,uc022bde.1,MIR4665,5,1
50,50,uc003zjr.3,RANBP6,141,1
51,51,uc003zjt.3,IL33,49,1
52,52,uc003zjw.3,TPD52L3,85,1
53,53,uc003zjy.3,UHRF2,58,1
54,54,uc003zkc.3,GLDC,64,2
55,55,uc003zkh.3,KDM4C,59,2
56,56,uc022bdg.1,DQ580140,94,2
58,58,uc003zkj.3,C9orf123,27,2
59,59,uc003zkk.3,PTPRD,43,2
64,64,uc003zkv.4,TYRP1,40,0
65,65,uc003zkw.3,LURAP1L,58,0
66,66,uc003zlb.4,MPDZ,68,0
68,68,uc022bdn.1,LINC00583,26,0
69,69,uc003zlf.3,NFIB,43,0
71,71,uc003zlg.2,ZDHHC21,40,0
72,72,uc003zlh.2,ZDHHC21,42,0
73,73,uc003zlj.3,CER1,45,0
74,74,uc003zlm.3,FREM1,73,0
75,75,uc003zln.1,AK127963,47,0
76,76,uc010mid.1,LOC389705,36,0
78,78,uc003zlr.2,TTC39B,38,0
79,79,uc003zlt.3,SNAPC3,56,0
80,80,uc003zlw.4,PSIP1,58,0
81,81,uc003zmd.3,CCDC171,45,0
83,83,uc031tcu.1,C9orf92,23,1
85,85,uc003zml.3,BNC2,41,1
86,86,uc003zmy.3,CNTLN,67,1
87,87,uc003zna.3,SH3GL2,51,1
88,88,uc003zne.4,ADAMTSL1,63,1
91,91,uc003zni.2,FAM154A,53,1
92,92,uc003znj.3,RRAGA,73,1
93,93,uc003znk.4,HAUS6,63,1
94,94,uc003znn.1,SCARNA8,92,1
95,95,uc003zno.3,PLIN2,100,1
97,97,uc022bdw.1,DQ572382,19,2
98,98,uc031tcw.1,DENND4C,85,2
99,99,uc003znv.1,RPS6,79,2
101,101,uc003zny.1,ACER2,66,2
102,102,uc003zoa.2,SLC24A2,57,2
103,103,uc003zoe.2,MLLT3,45,0
107,107,uc003zog.1,FOCAD,42,0
108,108,uc022beb.1,MIR491,46,0
109,109,uc022bec.1,SNORA30,16,0
110,110,uc010mir.1,PTPLAD2,41,0
111,111,uc003zok.3,IFNB1,88,0
112,112,uc003zol.1,IFNW1,65,0
113,113,uc003zom.2,IFNA21,130,0
114,114,uc003zon.2,IFNA4,115,0
115,115,uc003zop.1,IFNA7,133,0
116,116,uc003zoq.1,IFNA10,134,0
117,117,uc003zor.1,IFNA16,124,0
118,118,uc003zos.1,IFNA17,121,0
119,119,uc010mis.3,IFNA14,132,0
120,120,uc003zou.1,IFNA22P,75,0
121,121,uc011lnh.2,IFNA5,129,0
122,122,uc003zoy.3,KLHL9,99,0
123,123,uc011lni.2,IFNA6,127,0
124,124,uc003zpa.2,IFNA13,135,0
125,125,uc003zpb.3,IFNA2,100,0
126,126,uc003zpc.1,IFNA8,105,0
127,127,uc003zpd.2,IFNA1,125,0
128,128,uc003zpe.2,MIR31HG,57,0
129,129,uc003zpg.3,IFNE,83,0
130,130,uc011lnj.2,MIR31,68,0
131,131,uc003zph.3,MTAP,44,-2
132,132,uc011lnm.3,C9orf53,0,-2
133,133,uc003zpk.3,CDKN2A,0,-2
134,134,uc003zpl.3,CDKN2A,0,-2
135,135,uc022bem.1,CDKN2B-AS1,29,-2
136,136,uc003zpo.3,CDKN2B,15,0
139,139,uc003zpp.1,DMRTA1,55,0
140,140,uc003zpq.1,FLJ35282,31,0
142,142,uc003zpu.3,ELAVL2,55,0
143,143,uc031tdf.1,Hel-N1,143,0
144,144,uc031tdg.1,IZUMO3,48,0
150,150,uc022beu.1,LOC100506422,37,0
158,158,uc003zqc.3,CAAP1,42,0
159,159,uc003zqd.3,PLAA,52,0
160,160,uc003zqg.4,IFT74,40,0
161,161,uc003zqh.3,LRRC19,48,0
162,162,uc003zqi.4,TEK,43,0
165,165,uc003zql.3,EQTN,37,0
166,166,uc003zqn.3,MOB3B,35,0
167,167,uc003zqo.2,AK172755,39,0
169,169,uc003zqp.3,IFNK,77,0
170,170,uc003zqq.3,C9orf72,38,0
173,173,uc003zqu.2,LINGO2,47,0
174,174,uc022bfd.1,MIR876,18,0
175,175,uc022bfe.1,MIR873,27,0
177,177,uc003zqw.4,ACO1,46,0
179,179,uc003zra.3,DDX58,43,0
180,180,uc003zrb.3,TOPORS,107,0
181,181,uc022bff.2,TOPORS-AS1,5,0
182,182,uc003zre.2,NDUFB6,40,0
183,183,uc003zrg.1,TAF1L,113,0
184,184,uc003zrh.1,AX747113,112,0
185,185,uc003zri.4,TMEM215,47,0
186,186,uc003zry.3,APTX,52,0
187,187,uc003zsd.1,DNAJA1,51,0
189,189,uc003zsf.1,SMU1,42,0
190,190,uc003zsg.2,B4GALT1,29,0
192,192,uc003zsh.3,SPINK4,22,0
193,193,uc003zsj.3,BAG1,34,0
194,194,uc003zsm.4,CHMP5,35,0
195,195,uc003zsq.3,NFX1,45,0
196,196,uc003zst.3,AQP7,74,0
197,197,uc003zsx.3,AQP3,63,0
198,198,uc003zsz.3,NOL6,52,0
199,199,uc022bfm.1,SUGT1P1,43,0
200,200,uc010mjw.2,ANKRD18B,59,0
205,205,uc010mjx.3,ANXA2P2,44,0
206,206,uc022bfp.1,DJ439583,28,0
207,207,uc022bfq.1,DJ439557,42,0
208,208,uc022bfr.1,DJ439530,47,0
209,209,uc022bfs.1,DJ439561,34,0
211,211,uc003zth.4,PTENP1,79,0
212,212,uc003ztj.4,PRSS3,84,0
213,213,uc003ztm.3,UBE2R2,29,0
214,214,uc003ztq.1,UBAP2,44,0
216,216,uc003ztt.2,DCAF12,36,0
219,219,uc003ztu.2,DQ594696,25,0
220,220,uc003ztv.1,DQ585850,16,0
221,221,uc022bfx.1,DQ574810,23,0
222,222,uc011loj.2,UBAP1,40,0
223,223,uc003zua.4,KIF24,75,0
224,224,uc022bga.1,NUDT2,51,0
225,225,uc003zue.4,KIAA1161,23,0
226,226,uc003zuh.1,C9orf24,36,0
227,227,uc011lok.2,FAM219A,36,0
228,228,uc003zum.3,DNAI1,42,0
230,230,uc003zun.1,ENHO,13,0
231,231,uc003zuq.2,CNTFR,18,0
233,233,uc003zuv.3,RPP25L,37,0
234,234,uc003zux.1,DCTN3,43,0
235,235,uc011lon.2,ARID3C,32,0
236,236,uc003zvb.3,SIGMAR1,18,0
237,237,uc003zve.4,GALT,56,0
238,238,uc011loq.3,IL11RA,34,0
239,239,uc003zvm.1,CCL27,42,0
240,240,uc003zvn.3,CCL19,30,0
241,241,uc003zvo.4,CCL21,36,0
242,242,uc011lor.2,FAM205A,64,0
243,243,uc003zvp.4,FAM205B,67,0
244,244,uc003zvr.3,KIAA1045,39,0
245,245,uc003zvs.4,DNAJB5,61,0
246,246,uc003zvw.3,C9orf131,120,0
248,248,uc003zvy.2,VCP,64,0
249,249,uc003zwb.1,FANCG,66,0
250,250,uc003zwd.3,PIGO,44,0
251,251,uc003zwi.3,STOML2,70,0
252,252,uc003zwo.3,FAM214B,32,0
253,253,uc003zwq.3,UNC13B,44,0
254,254,uc010mkn.2,ATP8B5P,36,0
256,256,uc003zww.3,RUSC2,49,0
257,257,uc010mkr.3,FAM166B,31,0
258,258,uc003zxa.3,TESK1,45,0
259,259,uc022bgk.2,MIR4667,33,0
260,260,uc003zxb.2,CD72,52,0
261,261,uc003zxe.1,SIT1,41,0
263,263,uc011lox.2,CCDC107,62,0
264,264,uc003zxm.1,ARHGEF39,49,0
265,265,uc003zxo.4,CA9,41,0
266,266,uc003zxq.3,TPM2,48,0
267,267,uc003zxt.2,TLN1,53,0
268,268,uc003zxv.3,CREB3,67,0
269,269,uc003zxw.3,GBA2,52,0
270,270,uc011lpf.2,RGP1,74,0
271,271,uc003zyb.2,MSMP,59,0
272,272,uc022bgn.1,DQ589555,110,0
273,273,uc003zyd.3,NPR2,59,0
274,274,uc003zye.3,SPAG8,91,0
275,275,uc003zyh.3,HINT2,76,0
276,276,uc010mlc.2,FAM221B,56,0
277,277,uc003zym.4,TMEM8B,35,0
278,278,uc003zyn.4,TMEM8B,29,0
280,280,uc011lph.2,OR13J1,36,0
281,281,uc003zyr.1,HRCT1,13,0
283,283,uc011lpi.2,OR2S2,61,0
284,284,uc003zyv.3,RECK,38,0
285,285,uc003zyz.3,GLIPR2,39,0
286,286,uc003zzb.4,CCIN,53,0
287,287,uc003zzc.3,CLTA,42,0
288,288,uc010mli.3,GNE,49,0
289,289,uc003zzh.3,RNF38,47,0
290,290,uc003zzn.4,MELK,66,2
292,292,uc003zzo.1,PAX5,39,2
296,296,uc003zzq.3,ZCCHC7,77,2
297,297,uc003zzu.1,GRHPR,58,2
298,298,uc003zzx.3,ZBTB5,85,2
299,299,uc003zzy.1,POLR1E,46,0
301,301,uc004aab.3,FBXO10,58,0
302,302,uc011lql.2,TOMM5,21,0
303,303,uc004aag.1,FRMPD1,50,0
304,304,uc004aai.3,TRMT10B,40,0
305,305,uc004aal.3,EXOSC3,42,0
307,307,uc004aao.3,DCAF10,56,0
309,309,uc004aat.2,DQ590189,90,0
310,310,uc004aav.2,SLC25A51,106,0
312,312,uc004aax.3,SHB,20,0
313,313,uc004aay.3,ALDH1B1,48,0
314,314,uc004aaz.3,IGFBPL1,29,0
315,315,uc004abg.4,ANKRD18A,56,0
322,322,uc004abi.3,CNTNAP3,67,0
323,323,uc004abm.3,SPATA31A2,124,0
324,324,uc004abn.3,ZNF658B,99,0
325,325,uc004abp.3,SPATA31A2,125,0
326,326,uc011lqt.2,FAM74A1,64,0
327,327,uc004abq.1,DQ586551,76,0
328,328,uc004abr.1,CNTNAP3B,49,0
330,330,uc010mmj.3,SPATA31A3,129,0
331,331,uc010mmk.2,FAM74A3,81,0
332,332,uc004abs.2,ZNF658,95,0
333,333,uc004abt.4,SPATA31A4,107,0
334,334,uc004abu.4,SPATA31A5,107,0
335,335,uc004abv.1,BC121813,78,0
336,336,uc004abx.3,ZNF658B,100,0
337,337,uc010mmr.2,MGC21881,52,0
338,338,uc011lqu.1,KGFLP2,80,0
340,340,uc004acc.5,LOC554249,50,0
341,341,uc004acd.3,ANKRD20A3,98,0
342,342,uc011lqv.1,DQ573253,0,0
347,347,uc004acg.3,FAM95B1,17,0
348,348,uc004acj.1,AK094644,13,0
349,349,uc004ack.3,CBWD5,68,0
350,350,uc004acn.3,FOXD4L2,71,0
351,351,uc010mmw.3,AK310876,8,0
352,352,uc031tdv.1,LOC286297,72,0
353,353,uc004acq.4,AQP7P3,71,0
354,354,uc004acr.1,AK094644,17,0
355,355,uc010mmz.3,FAM95B1,19,0
361,361,uc004acw.1,ANKRD20A3,94,0
362,362,uc004acy.4,LOC642929,9,0
363,363,uc011lrb.2,SPATA31A6,197,0
364,364,uc004ada.2,CNTNAP3B,73,0
365,365,uc022bhf.1,DQ574527,11,0
366,366,uc011lrc.1,DQ600788,19,0
373,373,uc004adh.4,FAM27C,35,0
374,374,uc004adi.4,FAM27E3,9,0
376,376,uc004adn.4,FAM27A,44,0
379,379,uc004adp.4,LOC554249,48,0
380,380,uc031tdw.1,KGFLP1,47,0
383,383,uc004adu.3,AL953854.2-002,67,0
384,384,uc004adv.2,FAM74A4,72,0
385,385,uc004adx.4,SPATA31A5,103,0
386,386,uc004ady.3,AL953854.2-002,67,0
387,387,uc022bhn.1,DQ574527,11,0
388,388,uc022bho.1,DQ600787,17,0
393,393,uc010mng.1,AK308561,3,0
394,394,uc004aec.3,CR627148,3,0
395,395,uc004aee.1,X97876,25,0
396,396,uc010mnh.1,AK309896,62,0
397,397,uc004aeg.5,BC000869,25,0
398,398,uc004aej.3,BC065763,10,0
399,399,uc010mnj.3,AK310876,10,0
400,400,uc031tdz.1,LOC286297,88,0
401,401,uc004aeo.1,AQP7P1,80,0
402,402,uc004aer.3,FAM27E3,21,0
403,403,uc004aes.1,DQ594366,36,0
404,404,uc004aet.4,FAM27B,37,0
405,405,uc004aeu.3,ANKRD20A3,94,0
406,406,uc004aew.1,AK308561,4,0
407,407,uc004aex.3,BC080605,10,0
408,408,uc022bht.1,LOC642236,134,0
409,409,uc022bhu.1,LOC100132352,57,0
410,410,uc004afb.1,AK096159,35,0
412,412,uc010mnq.2,AK311167,49,0
413,413,uc004aff.4,PGM5P2,59,0
415,415,uc004afi.2,FOXD4L6,79,0
416,416,uc004afj.4,CBWD6,81,0
417,417,uc011lrg.1,LOC441426,21,0
418,418,uc004afn.3,ANKRD20A4,92,0
424,424,uc004afr.3,BC064148,20,0
426,426,uc011lrk.1,DQ593554,5,0
427,427,uc004afu.3,BC070322,48,0
428,428,uc004afv.2,LOC100133920,83,0
429,429,uc010moa.3,AK310876,8,0
430,430,uc010moc.3,FOXD4L5,65,0
431,431,uc004afw.3,CBWD5,90,0
432,432,uc010mod.3,AK310876,10,0
433,433,uc004afx.1,FOXD4L2,70,0
434,434,uc004aga.4,CBWD3,78,0
436,436,uc004agi.4,CBWD3,81,0
437,437,uc004agm.1,FOXD4L3,81,0
439,439,uc004agr.3,PGM5,36,0
440,440,uc004ags.1,AK130904,22,0
441,441,uc004agt.3,TMEM252,21,0
442,442,uc004agu.4,PIP5K1B,36,0
443,443,uc004agw.1,FAM122A,60,0
445,445,uc004agy.3,PRKACG,28,0
446,446,uc004aha.2,FXN,27,0
447,447,uc011lrv.2,TJP2,27,0
450,450,uc010mon.1,FAM189A2,26,0
451,451,uc004ahh.2,APBA1,25,0
452,452,uc004ahj.4,PTAR1,45,0
454,454,uc004ahl.3,C9orf135,24,0
455,455,uc004ahm.2,MAMDC2,29,0
456,456,uc004aho.1,LOC100507244,20,0
457,457,uc004ahp.1,LOC100507244,23,0
458,458,uc004ahq.1,LOC100507299,35,0
459,459,uc022bhz.1,LOC100507299,36,0
460,460,uc004ahr.2,SMC5,31,0
462,462,uc004aht.3,KLF9,23,0
463,463,uc004aid.3,TRPM3,29,0
464,464,uc004aih.1,MIR204,48,0
465,465,uc011lsa.1,TMEM2,31,0
466,466,uc004ail.3,ABHD17B,30,0
467,467,uc004ain.3,C9orf85,26,0
468,468,uc004aip.3,C9orf57,28,0
469,469,uc004air.3,GDA,28,0
472,472,uc004aiy.2,ZFAND5,35,0
473,473,uc004aiz.1,TMC1,34,0
474,474,uc004ajd.3,ALDH1A1,30,0
475,475,uc004ajf.1,ANXA1,33,0
476,476,uc004ajh.3,RORB,28,0
477,477,uc004ajk.1,TRPM6,30,0
478,478,uc022bic.1,7SK,14,0
480,480,uc004ajo.4,C9orf40,30,0
481,481,uc004ajp.3,BC043649,29,0
482,482,uc004ajq.3,C9orf41,30,0
483,483,uc004ajr.4,NMRK1,24,0
484,484,uc004ajv.4,OSTF1,17,0
486,486,uc004akc.2,PCSK5,32,0
487,487,uc004akd.2,RFK,38,0
488,488,uc011lsj.1,RPSAP9,56,0
489,489,uc004akf.4,GCNT1,43,0
490,490,uc010mpk.3,PRUNE2,56,0
493,493,uc004ako.1,FOXB2,12,0
494,494,uc022bij.1,VPS13A-AS1,6,0
495,495,uc004akr.3,VPS13A,32,0
496,496,uc004aku.3,GNA14,28,0
497,497,uc004akw.3,GNAQ,21,0
498,498,uc004aky.4,CEP78,35,0
499,499,uc004ala.3,PSAT1,30,0
500,500,uc004alc.3,TLE4,32,0
527,527,uc004aly.3,TLE1,26,0
529,529,uc011lst.2,SPATA31D5P,70,0
530,530,uc004ame.3,DQ592725,64,0
531,531,uc022bis.1,DQ577940,86,0
532,532,uc022bit.1,DQ578305,73,0
533,533,uc004amf.1,DQ582032,11,0
535,535,uc004amh.2,SPATA31D4,82,0
536,536,uc004ami.1,AK097447,82,0
537,537,uc004amj.1,DQ577940,102,0
538,538,uc022biu.1,DQ578305,78,0
539,539,uc004amk.1,DQ582032,8,0
541,541,uc010mpt.2,SPATA31D3,81,0
542,542,uc004amm.1,DQ577940,88,0
543,543,uc022biv.1,DQ578305,72,0
544,544,uc004amn.3,SPATA31D1,90,0
548,548,uc004amo.2,RASEF,36,0
549,549,uc004ams.2,FRMD3,28,0
550,550,uc004amu.3,IDNK,34,0
551,551,uc004amv.3,UBQLN1,40,0
553,553,uc004amy.3,GKAP1,33,0
554,554,uc004ana.4,KIF27,29,0
555,555,uc004anb.3,C9orf64,20,0
556,556,uc004anf.4,HNRNPK,25,0
557,557,uc004ano.1,MIR7-1,8,0
558,558,uc004anq.4,RMI1,32,0
559,559,uc004ant.3,BX537783,17,0
560,560,uc010mpz.3,SLC28A3,26,0
561,561,uc004anz.1,NTRK2,24,0
562,562,uc010mqc.3,AGTPBP1,28,0
563,563,uc004aog.2,LOC389765,32,0
564,564,uc022bjc.1,AK124523,56,0
565,565,uc004aoi.4,NAA35,28,0
566,566,uc004aol.3,GOLM1,28,0
567,567,uc031teh.1,C9orf153,25,0
568,568,uc004aop.3,ISCA1,46,0
569,569,uc004aoq.3,ZCCHC6,37,0
570,570,uc004aox.4,GAS1,6,0
572,572,uc010mqg.4,LOC440173,27,0
573,573,uc022bjd.1,LOC494127,16,0
574,574,uc004apa.1,C9orf170,20,0
576,576,uc004apd.3,DAPK1,26,0
577,577,uc004apk.4,CTSL1,38,0
578,578,uc004apm.1,CTSL3P,25,0
579,579,uc004apn.1,L25629,19,0
580,580,uc022bje.2,CTSL1P8,8,0
581,581,uc022bjf.1,LOC392364,53,0
582,582,uc004app.4,SPATA31E1,32,0
583,583,uc010mqi.3,SPATA31C1,91,0
584,584,uc022bjg.1,DQ578031,82,0
587,587,uc004apr.3,CDK20,24,0
590,590,uc011lti.2,SPATA31C2,86,0
591,591,uc004apx.1,DQ587746,61,0
592,592,uc004apy.3,SPIN1,26,0
593,593,uc011ltj.2,NXNL2,7,0
594,594,uc010mql.1,LOC286238,22,0
596,596,uc004aqc.2,C9orf47,14,0
597,597,uc004aqe.4,S1PR3,23,0
598,598,uc004aqf.2,SHC3,24,0
599,599,uc004aqh.3,CKS2,21,0
601,601,uc004aqj.1,SECISBP2,31,0
602,602,uc004aqo.1,SEMA4D,25,0
603,603,uc004aqq.3,GADD45G,8,0
614,614,uc004aqx.1,DIRAS2,39,0
615,615,uc004aqz.3,SYK,27,0
618,618,uc004arf.4,AUH,21,0
619,619,uc004arh.3,NFIL3,65,0
620,620,uc004arj.2,ROR2,25,0
623,623,uc004arl.1,SPTLC1,38,0
625,625,uc004arp.1,LINC00475,15,0
626,626,uc004aru.4,IARS,30,0
628,628,uc022bjx.1,NOL8,50,0
629,629,uc004arz.3,CENPP,32,0
630,630,uc004asa.3,OGN,26,0
631,631,uc004asd.4,OMD,44,0
632,632,uc004ase.2,ASPN,30,0
633,633,uc011lty.2,ECM2,38,0
635,635,uc004asl.1,IPPK,19,0
638,638,uc004asp.1,BICD2,17,0
639,639,uc011lua.1,ANKRD19P,35,0
641,641,uc004asu.2,ZNF484,48,0
643,643,uc004asz.2,FGD3,18,0
644,644,uc004atb.3,SUSD3,17,0
645,645,uc004atd.3,C9orf89,12,0
646,646,uc004atg.4,NINJ1,12,0
647,647,uc004atj.3,WNK2,21,0
648,648,uc010mre.3,C9orf129,25,0
650,650,uc004atu.4,FAM120AOS,31,0
651,651,uc011lue.1,DQ594798,6,0
652,652,uc004atw.3,FAM120A,31,0
653,653,uc004aub.3,PHF2,18,0
655,655,uc010mrh.3,BARX1,7,0
657,657,uc010mrj.2,PTPDC1,34,0
658,658,uc022bkf.2,JB153432,16,0
659,659,uc022bkg.1,DM119500,28,0
660,660,uc022bkh.1,DM119504,10,0
662,662,uc004aul.2,MIRLET7D,5,0
663,663,uc004aum.1,ZNF169,24,0
664,664,uc004aup.1,NUTM2F,39,0
665,665,uc004auq.1,LOC100132077,24,0
666,666,uc004aur.3,HIATL1,29,0
667,667,uc004aut.1,BC080653,31,0
668,668,uc004auv.3,FBP2,24,0
669,669,uc004auw.4,FBP1,15,0
670,670,uc004ava.3,C9orf3,28,0
673,673,uc004avg.4,MIR23B,7,0
674,674,uc022bkk.1,MIR3074,13,0
675,675,uc004avh.3,FANCC,25,0
676,676,uc004avj.3,BC041030,43,0
677,677,uc004avk.4,PTCH1,24,0
678,678,uc022bkm.1,LOC100507346,34,0
679,679,uc004avp.4,LINC00476,21,0
680,680,uc004avt.4,ERCC6L2,27,0
681,681,uc022bkn.1,DQ588075,13,0
685,685,uc004awa.1,HSD17B3,29,0
686,686,uc004awc.3,SLC35D2,24,0
687,687,uc004awf.3,ZNF367,38,0
688,688,uc010msg.3,HABP4,22,0
689,689,uc004awj.3,CDC14B,28,0
690,690,uc004awm.3,AAED1,36,0
691,691,uc011luo.1,LOC441455,26,0
692,692,uc004awn.1,ZNF510,43,0
693,693,uc004awp.1,ZNF782,43,0
695,695,uc011luq.2,LOC441454,27,0
696,696,uc022bkp.1,NUTM2G,45,0
697,697,uc004aws.3,HIATL2,32,0
698,698,uc004awt.3,CTSL2,32,0
699,699,uc004awv.3,LOC340508,5,0
700,700,uc004aww.1,AX747261,37,0
707,707,uc010msl.1,AK309476,81,0
708,708,uc004axd.2,ZNF322,131,0
709,709,uc004axg.2,CCDC180,28,0
710,710,uc011luu.2,LOC100499484,29,0
712,712,uc004axj.3,TDRD7,31,0
713,713,uc004axl.2,TMOD1,26,0
714,714,uc004axn.3,TSTD2,37,0
715,715,uc004axq.3,NCBP1,30,0
716,716,uc004axr.4,XPA,34,0
718,718,uc004axu.3,FOXE1,10,0
719,719,uc004axv.1,C9orf156,31,0
720,720,uc004axy.4,HEMGN,58,0
721,721,uc004aya.3,ANP32B,18,0
722,722,uc004ayc.3,NANS,21,0
723,723,uc004ayd.2,TRIM14,21,0
724,724,uc004aym.3,CORO2A,23,0
725,725,uc011lvb.2,TBC1D2,24,0
726,726,uc004ays.3,GABBR2,24,0
727,727,uc004ayu.3,ANKS6,16,0
728,728,uc004ayz.3,GALNT12,27,0
729,729,uc004azb.2,COL15A1,28,0
730,730,uc004azc.3,TGFBR1,31,0
732,732,uc004azf.3,ALG2,40,0
733,733,uc004azh.3,SEC61B,24,0
738,738,uc004baf.1,NR4A3,29,0
740,740,uc004bal.4,STX17,35,0
741,741,uc004bam.3,ERP44,31,0
742,742,uc004bap.2,INVS,27,0
743,743,uc004bas.3,TEX10,39,0
744,744,uc004bav.1,AK056351,4,0
745,745,uc004bay.2,MSANTD3-TMEFF1,29,0
746,746,uc004bba.3,MURC,39,0
747,747,uc022blc.1,DQ580140,44,0
748,748,uc004bbb.3,LPPR1,23,0
749,749,uc010mtd.3,BAAT,32,0
750,750,uc004bbe.2,MRPL50,39,0
751,751,uc004bbh.2,ZNF189,43,0
752,752,uc004bbk.2,ALDOB,28,0
754,754,uc004bbm.3,TMEM246,31,0
755,755,uc004bbn.3,RNF20,40,0
756,756,uc004bbp.2,GRIN3A,36,0
757,757,uc004bbr.3,PPP3R2,34,0
758,758,uc004bbs.2,CYLC2,42,0
759,759,uc004bbt.3,BC035187,17,0
760,760,uc011lvl.2,SMC2,32,0
761,761,uc011lvm.2,OR13F1,57,0
762,762,uc011lvn.2,OR13C4,60,0
763,763,uc004bcb.1,OR13C3,67,0
764,764,uc011lvo.2,OR13C8,63,0
765,765,uc011lvp.2,OR13C5,74,0
766,766,uc011lvq.2,OR13C2,82,0
767,767,uc011lvr.2,OR13C9,68,0
768,768,uc011lvs.2,OR13D1,84,0
769,769,uc004bci.3,NIPSNAP3B,31,0
771,771,uc004bcl.3,ABCA1,31,0
775,775,uc004bcn.3,SLC44A1,33,0
776,776,uc004bcq.2,FSD1L,38,0
777,777,uc004bcs.3,FKTN,29,0
778,778,uc004bct.3,TAL2,17,0
779,779,uc004bcu.2,TMEM38B,38,0
784,784,uc004bcz.3,ZNF462,47,0
785,785,uc022bli.1,MIR548Q,47,0
786,786,uc004bdc.1,AK097706,16,0
787,787,uc004bde.3,RAD23B,30,0
788,788,uc004bdg.3,KLF4,23,0
790,790,uc004bdi.3,ACTL7B,24,0
791,791,uc004bdj.1,ACTL7A,25,0
792,792,uc004bdm.4,IKBKAP,29,0
793,793,uc004bdn.3,FAM206A,29,0
794,794,uc004bdo.1,CTNNAL1,27,0
795,795,uc022blm.1,5_8S_rRNA,7,0
796,796,uc004bdt.4,TMEM245,29,0
797,797,uc004bdu.1,MIR32,41,0
799,799,uc004bdw.1,FRRS1L,36,0
802,802,uc004bdz.1,EPB41L4B,25,0
803,803,uc004bed.2,PTPN3,23,0
804,804,uc004bej.4,PALM2-AKAP2,27,0
807,807,uc011lwk.2,C9orf152,29,0
808,808,uc004bep.2,TXN,17,0
809,809,uc004bes.3,TXNDC8,28,0
810,810,uc010mtz.3,SVEP1,52,0
813,813,uc022blv.1,MUSK,52,0
814,814,uc004bfc.3,LPAR1,35,0
816,816,uc011lwp.2,OR2K2,41,0
817,817,uc004bfe.1,KIAA0368,42,0
818,818,uc022blx.1,5S_rRNA,1,0
819,819,uc004bff.2,ZNF483,38,0
820,820,uc004bfh.2,PTGR1,23,0
821,821,uc022bly.1,LRRC37A5P,36,0
822,822,uc004bfl.3,DNAJC25,32,0
823,823,uc004bfr.3,C9orf84,34,0
824,824,uc004bft.3,UGCG,28,0
825,825,uc022blz.1,MIR4668,36,0
826,826,uc022bma.1,MIR3134,29,0
827,827,uc004bfu.3,SUSD1,31,0
828,828,uc004bfx.3,PTBP3,28,0
830,830,uc004bga.2,HSDL2,24,0
831,831,uc004bge.1,AK131020,13,0
832,832,uc004bgf.1,KIAA1958,40,0
833,833,uc004bgg.3,INIP,39,0
834,834,uc004bgj.4,SNX30,26,0
836,836,uc004bgk.3,SLC46A2,20,0
837,837,uc011lwy.2,ZNF883,27,0
838,838,uc004bgm.1,ZFP37,48,0
841,841,uc004bgq.3,SLC31A2,49,0
842,842,uc004bgs.2,FKBP15,35,0
843,843,uc004bgu.3,SLC31A1,31,0
844,844,uc004bgw.2,CDC26,69,0
845,845,uc004bgx.3,PRPF4,35,0
846,846,uc004bgz.3,RNF183,16,0
848,848,uc004bhe.3,WDR31,26,0
849,849,uc004bhg.4,BSPRY,21,0
850,850,uc004bhi.1,HDHD3,33,0
851,851,uc011lxf.2,ALAD,12,0
852,852,uc031tet.1,POLE3,16,0
853,853,uc004bhp.3,C9orf43,30,0
854,854,uc004bhq.4,RGS3,25,0
855,855,uc022bmf.1,Mir_584,7,0
856,856,uc004bic.3,ZNF618,27,0
857,857,uc004bie.4,AMBP,16,0
858,858,uc004bif.3,KIF12,21,0
859,859,uc011lxl.2,COL27A1,23,0
860,860,uc011lxm.2,MIR455,18,0
861,861,uc004bik.4,ORM1,23,0
862,862,uc004bis.3,AKNA,19,0
863,863,uc004biz.4,DFNB31,17,0
864,864,uc004bjc.3,ATP6V1G1,17,0
865,865,uc004bjd.4,C9orf91,21,0
867,867,uc004bjh.3,TNFSF15,29,0
869,869,uc004bji.2,TNFSF8,34,0
870,870,uc004bjj.4,TNC,34,0
871,871,uc004bjk.1,1-Dec,14,0
873,873,uc004bjm.3,LINC00474,16,0
874,874,uc004bjn.3,PAPPA,27,0
875,875,uc004bjt.2,ASTN2,23,0
877,877,uc004bjx.2,TRIM32,35,0
878,878,uc022bmp.1,SNORA70C,19,0
880,880,uc004bjz.4,TLR4,42,0
881,881,uc004bkc.2,DBC1,28,0
882,882,uc011lxv.1,MIR147A,33,0
884,884,uc004bkf.4,CDK5RAP2,28,0
885,885,uc022bms.1,MEGF9,48,0
886,886,uc004bkm.1,FBXW2,33,0
887,887,uc011lyd.1,LOC100288842,51,0
888,888,uc004bko.4,PSMD5,36,0
890,890,uc004bks.1,PHF19,22,0
891,891,uc010mvl.2,TRAF1,28,0
892,892,uc004bkv.3,C5,30,0
893,893,uc004bkx.1,CNTRL,34,0
894,894,uc004blc.3,RAB14,30,0
895,895,uc004blf.1,GSN,20,0
896,896,uc004blh.4,STOM,28,0
897,897,uc004bll.1,GGTA1P,17,0
899,899,uc004bln.3,DAB2IP,16,0
900,900,uc011lyl.2,TTLL11,22,0
904,904,uc004blv.3,NDUFA8,21,0
905,905,uc004blw.2,MORN5,18,0
906,906,uc004blx.4,LHX6,8,0
907,907,uc004bma.2,RBM18,22,0
908,908,uc010mwa.3,MRRF,40,0
909,909,uc004bmg.2,PTGS1,24,0
910,910,uc011lyv.2,OR1J2,0,0
911,911,uc011lyu.2,OR1J1,0,-2
912,912,uc011lyw.2,OR1J4,0,-2
913,913,uc004bmn.1,OR1N1,0,-2
914,914,uc011lyx.2,OR1N2,0,-2
915,915,uc004bmp.1,OR1L8,0,-2
916,916,uc011lyy.2,OR1Q1,0,-2
917,917,uc011lyz.2,OR1B1,0,-2
918,918,uc022bmz.1,OR1L1,0,-2
919,919,uc011lzb.2,OR1L3,0,-2
920,920,uc004bmu.1,OR1L4,0,-2
921,921,uc022bna.1,OR1L6,0,-2
922,922,uc011lzd.2,OR5C1,0,-2
923,923,uc011lze.2,OR1K1,0,-2
925,925,uc004bmz.2,PDCL,0,-2
927,927,uc010mwc.1,RC3H2,1,-2
928,928,uc004bnf.1,SNORD90,0,-2
929,929,uc004bnh.4,ZBTB6,1,-2
930,930,uc004bnk.3,ZBTB26,2,-2
931,931,uc011lzh.2,RABGAP1,1,-2
932,932,uc011lzk.3,GPR21,0,-2
933,933,uc004bnp.4,MIR600HG,0,-2
935,935,uc004bns.3,STRBP,1,-2
936,936,uc004bnx.1,CRB2,0,-2
937,937,uc004bnz.1,DENND1A,22,-2
938,938,uc022bnd.1,MIR601,0,-2
941,941,uc004boe.1,LHX2,21,0
942,942,uc004boh.3,NEK6,19,0
943,943,uc004boj.4,PSMB7,21,0
944,944,uc010mwl.3,LOC100129034,15,0
945,945,uc010mwn.3,GPR144,7,0
946,946,uc004boo.1,NR5A1,20,0
947,947,uc004bor.1,NR6A1,23,0
949,949,uc004bot.3,MIR181A2,18,0
950,950,uc004bou.3,MIR181B2,10,0
951,951,uc004bov.3,OLFML2A,18,0
952,952,uc011lzo.3,WDR38,23,0
953,953,uc004boy.1,RPL35,19,0
954,954,uc004bpa.4,ARPC5L,19,0
955,955,uc004bpc.3,GOLGA1,31,0
956,956,uc004bpd.3,SCAI,27,0
958,958,uc004bpg.4,PPP6C,31,0
959,959,uc004bpi.3,RABEPK,29,0
960,960,uc004bpn.3,HSPA5,37,0
961,961,uc004bpr.3,GAPVD1,33,0
962,962,uc004bpv.3,MAPKAP1,29,0
963,963,uc004bqb.3,PBX3,23,0
965,965,uc004bqh.2,MVB12B,26,0
968,968,uc022bnl.1,Mir_1302,9,0
969,969,uc004bqj.3,LMX1B,8,0
971,971,uc010mxf.3,ZBTB43,30,0
972,972,uc004bqm.4,ZBTB34,66,0
973,973,uc004bqo.2,RALGPS1,23,0
974,974,uc004bqr.1,ANGPTL2,32,0
975,975,uc011mae.2,GARNL3,34,0
976,976,uc004bqu.4,SLC2A8,22,0
977,977,uc004bqw.4,ZNF79,34,0
978,978,uc004bqy.2,RPL12,36,0
979,979,uc004bra.1,SNORA65,33,0
980,980,uc004brd.2,LRSAM1,17,0
981,981,uc004brf.1,AX747547,6,0
982,982,uc004brh.3,FAM129B,20,0
983,983,uc004brk.2,STXBP1,25,0
984,984,uc022bnp.1,MIR3911,56,0
985,985,uc004bro.3,PTRH1,18,0
986,986,uc004brn.1,C9orf117,17,0
987,987,uc004brq.1,TTC16,17,0
988,988,uc004brs.4,TOR2A,13,0
989,989,uc004bsc.3,SH2D3C,18,0
991,991,uc004bse.2,CDK9,20,0
992,992,uc004bsg.1,FPGS,22,0
994,994,uc004bsj.5,ENG,17,0
995,995,uc004bsl.1,AK057719,15,0
998,998,uc004bsm.4,AK1,12,0
1000,1000,uc004bso.1,ST6GALNAC6,14,0
1001,1001,uc004bss.3,ST6GALNAC4,14,0
1002,1002,uc011mao.2,PIP5KL1,9,0
1003,1003,uc004bsv.2,DPM2,14,0
1004,1004,uc004bsx.2,FAM102A,18,0
1005,1005,uc004bta.3,NAIF1,25,0
1006,1006,uc004btb.4,SLC25A25,26,0
1008,1008,uc004bti.4,PTGES2,14,0
1010,1010,uc004bto.1,LCN2,30,0
1011,1011,uc004btp.1,C9orf16,8,0
1012,1012,uc011mas.2,CIZ1,24,0
1013,1013,uc022bob.1,DNM1,28,0
1014,1014,uc004bue.1,MIR199B,11,0
1016,1016,uc004buf.1,DQ575742,26,0
1017,1017,uc011maw.2,GOLGA2,32,0
1018,1018,uc004bui.3,DQ571464,29,0
1019,1019,uc022bod.1,JB175342,68,0
1020,1020,uc022boe.1,DQ583972,74,0
1021,1021,uc022bof.1,Metazoa_SRP,9,0
1022,1022,uc022bog.1,DQ583692,41,0
1023,1023,uc004bun.2,DQ594309,13,0
1024,1024,uc004bup.3,SWI5,26,0
1025,1025,uc004buq.1,TRUB2,19,0
1026,1026,uc004bur.4,COQ4,17,0
1028,1028,uc004but.3,SLC27A4,28,0
1029,1029,uc011may.2,URM1,30,0
1032,1032,uc004buz.4,CERCAM,21,0
1033,1033,uc004bvc.3,ODF2,21,0
1034,1034,uc004bvg.3,BC094874,6,0
1035,1035,uc004bvj.3,GLE1,31,0
1037,1037,uc004bvm.4,SPTAN1,29,0
1038,1038,uc004bvq.1,WDR34,17,0
1039,1039,uc022bol.1,SET,30,0
1041,1041,uc004bvw.3,PKN3,21,0
1042,1042,uc004bvy.3,ZDHHC12,16,0
1044,1044,uc004bwa.2,ZER1,22,0
1045,1045,uc010myj.3,TBC1D13,21,0
1046,1046,uc004bwc.3,ENDOG,6,0
1047,1047,uc004bwd.3,C9orf114,24,0
1048,1048,uc004bwh.3,CCBL1,26,0
1049,1049,uc010myp.3,LRRC8A,27,0
1050,1050,uc004bwp.2,PHYHD1,25,0
1051,1051,uc004bwr.3,DOLK,42,0
1052,1052,uc004bws.2,NUP188,32,0
1053,1053,uc004bwv.3,SH3GLB2,15,0
1054,1054,uc004bxa.3,FAM73B,16,0
1055,1055,uc004bxc.3,DOLPP1,23,0
1056,1056,uc004bxh.3,CRAT,18,0
1057,1057,uc004bxm.2,PPP2R4,23,0
1058,1058,uc010myt.1,IER5L,5,0
1059,1059,uc010myu.1,AK308944,25,0
1060,1060,uc004bxs.2,C9orf106,16,0
1063,1063,uc004bxy.2,LOC100506190,37,0
1065,1065,uc004byc.4,C9orf50,19,0
1066,1066,uc004byd.1,NTMT1,23,0
1067,1067,uc004byf.2,ASB6,18,0
1068,1068,uc004byh.3,PRRX2,10,0
1070,1070,uc004byi.3,PTGES,15,0
1071,1071,uc004byk.1,TOR1B,29,0
1072,1072,uc004byl.3,TOR1A,33,0
1073,1073,uc004byp.3,C9orf78,25,0
1074,1074,uc004byr.3,USP20,22,0
1075,1075,uc004byw.1,FNBP1,43,0
1076,1076,uc004bzd.2,GPR107,23,0
1079,1079,uc004bzg.2,GPR107,2,0
1080,1080,uc004bzh.1,AK128673,30,0
1081,1081,uc004bzi.2,NCS1,13,0
1082,1082,uc004bzj.3,DKFZp434P0216,12,0
1083,1083,uc004bzl.3,AK074396,19,0
1084,1084,uc004bzm.3,ASS1,20,0
1086,1086,uc004bzr.1,FUBP3,19,0
1087,1087,uc004bzt.1,PRDM12,12,0
1088,1088,uc004bzu.2,EXOSC2,27,0
1089,1089,uc004bzv.3,ABL1,28,0
1091,1091,uc011mcb.2,QRFP,29,0
1092,1092,uc004bzz.3,FIBCD1,9,0
1093,1093,uc004caa.1,LAMC3,16,0
1094,1094,uc004cad.2,AIF1L,25,0
1095,1095,uc004cag.3,NUP214,34,0
1096,1096,uc004cak.3,FAM78A,17,0
1097,1097,uc004cal.2,PPAPDC3,14,0
1098,1098,uc004can.4,PRRC2B,30,0
1099,1099,uc004caq.3,SNORD62A,39,0
1100,1100,uc004car.3,SNORD62A,74,0
1102,1102,uc004cav.3,POMT1,28,0
1103,1103,uc031tfj.1,UCK1,22,0
1104,1104,uc022bos.1,RAPGEF1,25,0
1105,1105,uc022bow.1,DD413682,18,0
1106,1106,uc004cbe.2,MED27,16,0
1107,1107,uc004cbh.2,NTNG2,12,0
1108,1108,uc004cbk.3,SETX,42,0
1109,1109,uc004cbl.3,TTF1,41,0
1110,1110,uc004cbn.3,C9orf171,14,0
1111,1111,uc004cbp.1,BARHL1,23,0
1112,1112,uc004cbq.1,DDX31,26,0
1113,1113,uc010mzv.3,GTF3C4,38,0
1114,1114,uc004cbu.1,AK8,16,0
1115,1115,uc004cby.1,C9orf9,31,0
1116,1116,uc004cca.2,TSC1,29,0
1118,1118,uc004ccg.3,GFI1B,11,0
1119,1119,uc004ccj.4,GTF3C5,22,0
1120,1120,uc010naa.2,CEL,24,0
1121,1121,uc011mcu.1,CELP,17,0
1122,1122,uc004ccr.3,RALGDS,17,0
1123,1123,uc004ccz.3,OBP2B,20,0
1124,1124,uc004cda.1,ABO,28,0
1125,1125,uc004cdb.4,SURF6,32,0
1126,1126,uc004cdc.3,MED22,22,0
1127,1127,uc004cde.1,RPL7A,50,0
1128,1128,uc010nah.3,SNORD24,53,0
1129,1129,uc010nai.1,SNORD36B,50,0
1130,1130,uc010naj.3,SNORD36A,76,0
1131,1131,uc010nak.3,SNORD36C,67,0
1132,1132,uc004cdh.1,SURF1,62,0
1133,1133,uc004cdi.2,SURF2,39,0
1134,1134,uc004cdj.3,SURF4,27,0
1135,1135,uc004cdk.3,C9orf96,33,0
1136,1136,uc004cdm.3,REXO4,49,1
1137,1137,uc004cdv.4,ADAMTS13,25,1
1138,1138,uc011mdh.1,CACFD1,28,1
1139,1139,uc004cee.3,SLC2A6,22,1
1140,1140,uc011mdk.2,TMEM8C,23,1
1141,1141,uc004cei.3,ADAMTSL2,33,0
1142,1142,uc011mdm.2,FAM163B,6,0
1143,1143,uc004cel.3,DBH,21,0
1144,1144,uc031tfk.1,DBH-AS1,23,0
1145,1145,uc004cep.4,SARDH,25,0
1146,1146,uc004ces.3,VAV2,20,1
1148,1148,uc004cew.3,BRD3,27,1
1149,1149,uc004cey.3,WDR5,36,1
1151,1151,uc004cfa.1,RXRA,11,1
1152,1152,uc004cfb.2,RXRA,20,1
1154,1154,uc031tfl.1,COL5A1,23,0
1155,1155,uc004cff.3,LOC101448202,18,0
1162,1162,uc004cfg.1,FCN2,29,0
1163,1163,uc004cfi.3,FCN1,44,0
1164,1164,uc004cfl.4,OLFM1,28,0
1165,1165,uc031tfm.1,LOC401557,27,0
1166,1166,uc004cfo.3,C9orf62,26,0
1169,1169,uc004cfr.1,PPP1R26,43,0
1170,1170,uc004cft.1,C9orf116,19,0
1171,1171,uc004cfv.5,MRPS2,36,0
1172,1172,uc004cfy.3,BC015688,35,0
1173,1173,uc022bpk.1,LCN1,22,0
1174,1174,uc004cgb.3,OBP2A,27,0
1175,1175,uc004cgd.1,PAEP,44,0
1177,1177,uc010nbd.1,GLT6D1,41,0
1178,1178,uc004cgk.2,LCN9,44,0
1179,1179,uc010nbe.3,SOHLH1,18,0
1180,1180,uc004cgm.2,BC101937,7,0
1181,1181,uc011mdq.2,KCNT1,19,0
1182,1182,uc004cgr.4,CAMSAP1,55,0
1183,1183,uc004cgt.3,UBAC1,38,1
1184,1184,uc004cgv.4,NACC2,11,1
1185,1185,uc004cgx.5,C9orf69,9,1
1187,1187,uc004cgz.3,LHX3,10,1
1188,1188,uc010nbi.2,QSOX2,31,1
1190,1190,uc004chd.2,GPSM1,10,0
1191,1191,uc004chf.2,DNLZ,20,0
1192,1192,uc004chg.3,CARD9,25,0
1193,1193,uc004chh.3,SNAPC4,33,0
1194,1194,uc004chi.3,SDCCAG3,27,0
1195,1195,uc004chl.3,PMPCA,33,0
1196,1196,uc004cho.3,INPP5E,18,0
1197,1197,uc004chx.3,SEC16A,48,0
1198,1198,uc004chy.3,C9orf163,25,0
1199,1199,uc004chz.3,NOTCH1,21,0
1200,1200,uc022bpq.1,MIR4673,57,2
1204,1204,uc004cih.3,EGFL7,16,2
1205,1205,uc022bps.1,MIR126,23,2
1206,1206,uc004cii.1,AGPAT2,18,2
1207,1207,uc004cik.3,FAM69B,17,2
1208,1208,uc004cim.2,SNHG7,21,1
1209,1209,uc011meb.2,SNHG7,22,1
1210,1210,uc004civ.3,LCN10,16,1
1211,1211,uc004ciy.2,LCN6,26,1
1212,1212,uc004ciz.1,LOC100128593,18,1
1213,1213,uc004cjb.1,LCN8,41,0
1214,1214,uc004cjd.3,LCN15,21,0
1215,1215,uc004cje.4,TMEM141,29,0
1216,1216,uc004cjf.3,KIAA1984,26,0
1217,1217,uc004cjg.1,KIAA1984-AS1,21,0
1218,1218,uc004cjj.1,RABL6,29,0
1220,1220,uc011meh.2,C9orf172,10,0
1221,1221,uc004cjq.4,PHPT1,39,0
1222,1222,uc004cjs.3,MAMDC4,25,0
1223,1223,uc004cjt.1,EDF1,30,0
1224,1224,uc004cjv.3,TRAF2,21,1
1227,1227,uc004cjx.3,FBXW5,15,1
1228,1228,uc004cka.2,C8G,12,1
1229,1229,uc004ckb.3,LCN12,14,1
1230,1230,uc004cke.3,PTGDS,31,1
1231,1231,uc004ckh.1,LCNL1,25,2
1232,1232,uc004cki.3,C9orf142,30,2
1233,1233,uc004ckj.1,CLIC3,19,2
1234,1234,uc022bpy.1,ABCA2,18,2
1235,1235,uc004ckp.1,C9orf139,35,2
1236,1236,uc004ckq.2,FUT7,30,2
1237,1237,uc004ckt.2,NPDC1,10,2
1238,1238,uc004ckw.2,ENTPD2,95,2
1239,1239,uc011men.2,SAPCD2,23,2
1240,1240,uc010ncb.3,UAP1L1,31,2
1242,1242,uc004cld.3,MAN1B1,101,1
1243,1243,uc004clh.3,DPP7,17,1
1244,1244,uc004cln.3,GRIN1,30,1
1245,1245,uc004clp.2,LRRC26,5,1
1246,1246,uc022bqc.1,MIR3621,6,1
1247,1247,uc004clr.1,ANAPC2,27,0
1248,1248,uc004cls.2,SSNA1,13,0
1249,1249,uc004clu.3,TPRN,20,0
1250,1250,uc004clv.3,TMEM203,19,0
1251,1251,uc004clx.3,NDOR1,37,0
1252,1252,uc004clz.2,RNF208,6,0
1253,1253,uc004cma.1,AK128153,12,0
1254,1254,uc004cmb.3,C9orf169,14,0
1256,1256,uc004cmf.1,SLC34A3,27,0
1257,1257,uc004cmh.1,TUBB4B,72,0
1258,1258,uc031tfw.1,TUBB2C,90,0
1259,1259,uc004cmi.1,FAM166A,32,0
1260,1260,uc022bqg.1,LOC100129722,29,0
1261,1261,uc004cmk.2,C9orf173,29,0
1262,1262,uc004cmm.4,NELFB,23,0
1263,1263,uc004cmn.3,TOR4A,6,2
1264,1264,uc004cmo.2,NRARP,10,2
1265,1265,uc004cmp.2,EXD3,11,2
1266,1266,uc004cmu.3,NOXA1,24,2
1267,1267,uc004cmw.3,ENTPD8,19,2
1268,1268,uc004cna.3,NSMF,37,0
1269,1269,uc010ncj.1,PNPLA7,24,0
1270,1270,uc004cnh.4,MRPL41,16,0
1271,1271,uc004cnk.1,WDR85,47,0
1272,1272,uc031tfx.1,WDR85,51,0
1273,1273,uc004cno.1,ZMYND19,43,0
1274,1274,uc004cns.3,ARRDC1,44,0
1275,1275,uc004cnz.3,C9orf37,21,0
1276,1276,uc011mfc.2,EHMT1,31,0
1278,1278,uc022bqm.1,MIR602,50,0
1279,1279,uc004cof.1,AK128414,31,0
1280,1280,uc004cog.3,CACNA1B,37,0
1281,1281,uc010ncq.3,TUBBP5,69,0
1282,1282,uc011mfe.1,FAM157B,18,0
1283,1283,uc011mff.2,DQ577244,8,0
1284,1284,uc004coq.4,DQ582201,149,0
1285,1285,uc022bqo.2,JB137816,185,0
1286,1286,uc004cor.1,DQ582265,142,0
1287,1287,uc004cos.5,TVAS5,157,0
1288,1288,uc022bqp.1,JA429830,190,0
1289,1289,uc022bqq.1,JA429831,167,0
